{"tvz/NpYbpSjhhlQ0bwosTA==":"elricko-sicarios%205-1256x1256.png","/DKkPr0gvO4Ln/6NW8vJDg==":"elricko%20tlo-2000x1133.png","cLwAdHcob7BaQp0LCRC9CQ==":"1-1256x1256.png","X3FJIAPCZx4Cvh4V0BMigw==":"f9e02e005f91146684774f13e13c9df0-1000x567.jpg","tqfikeK4RONJI2FvCKT1Mg==":"czarne-tlo-stare-popekane-sciany_114106-2294-626x417.jpg","IizmqTQ5+u/U8LPu7OeKOw==":"forest-6734296-2000x1333.jpg","RNYSGs+s5ByYj4m6B61lQw==":"forest-6734296-2000x468.jpg","LA23OiQqEyd8KPB5ojvDKw==":"elricko%20awatar%201500x%201500-96x96.png","911X7bM4yT2Mobv6BsMc+g==":"background8.jpg","UJBM0BJpPhg+yC+A6GKM4A==":"mbr-1920x1305.jpg","w7s3Q6w1jjK3+ZrO+/MZFg==":"elricko%20tlo-1920x1089.png"}